CREATE DATABASE  IF NOT EXISTS `farmacia_db` /*!40100 DEFAULT CHARACTER SET utf8mb4 COLLATE utf8mb4_general_ci */;
USE `farmacia_db`;
-- MySQL dump 10.13  Distrib 8.0.44, for Win64 (x86_64)
--
-- Host: localhost    Database: farmacia_db
-- ------------------------------------------------------
-- Server version	5.5.5-10.4.32-MariaDB

/*!40101 SET @OLD_CHARACTER_SET_CLIENT=@@CHARACTER_SET_CLIENT */;
/*!40101 SET @OLD_CHARACTER_SET_RESULTS=@@CHARACTER_SET_RESULTS */;
/*!40101 SET @OLD_COLLATION_CONNECTION=@@COLLATION_CONNECTION */;
/*!50503 SET NAMES utf8 */;
/*!40103 SET @OLD_TIME_ZONE=@@TIME_ZONE */;
/*!40103 SET TIME_ZONE='+00:00' */;
/*!40014 SET @OLD_UNIQUE_CHECKS=@@UNIQUE_CHECKS, UNIQUE_CHECKS=0 */;
/*!40014 SET @OLD_FOREIGN_KEY_CHECKS=@@FOREIGN_KEY_CHECKS, FOREIGN_KEY_CHECKS=0 */;
/*!40101 SET @OLD_SQL_MODE=@@SQL_MODE, SQL_MODE='NO_AUTO_VALUE_ON_ZERO' */;
/*!40111 SET @OLD_SQL_NOTES=@@SQL_NOTES, SQL_NOTES=0 */;

--
-- Table structure for table `auditoria`
--

DROP TABLE IF EXISTS `auditoria`;
/*!40101 SET @saved_cs_client     = @@character_set_client */;
/*!50503 SET character_set_client = utf8mb4 */;
CREATE TABLE `auditoria` (
  `id_auditoria` int(11) NOT NULL AUTO_INCREMENT,
  `id_usuario` int(11) DEFAULT NULL,
  `accion` varchar(50) DEFAULT NULL,
  `tabla_afectada` varchar(50) DEFAULT NULL,
  `id_registro` int(11) DEFAULT NULL,
  `descripcion` text DEFAULT NULL,
  `fecha_hora` datetime DEFAULT current_timestamp(),
  `ip_usuario` varchar(50) DEFAULT NULL,
  PRIMARY KEY (`id_auditoria`),
  KEY `id_usuario` (`id_usuario`),
  CONSTRAINT `auditoria_ibfk_1` FOREIGN KEY (`id_usuario`) REFERENCES `usuarios` (`id_usuario`)
) ENGINE=InnoDB DEFAULT CHARSET=utf8mb4 COLLATE=utf8mb4_general_ci;
/*!40101 SET character_set_client = @saved_cs_client */;

--
-- Dumping data for table `auditoria`
--

LOCK TABLES `auditoria` WRITE;
/*!40000 ALTER TABLE `auditoria` DISABLE KEYS */;
/*!40000 ALTER TABLE `auditoria` ENABLE KEYS */;
UNLOCK TABLES;

--
-- Table structure for table `caja`
--

DROP TABLE IF EXISTS `caja`;
/*!40101 SET @saved_cs_client     = @@character_set_client */;
/*!50503 SET character_set_client = utf8mb4 */;
CREATE TABLE `caja` (
  `id_caja` int(11) NOT NULL AUTO_INCREMENT,
  `fecha_apertura` datetime DEFAULT NULL,
  `fecha_cierre` datetime DEFAULT NULL,
  `monto_inicial` decimal(10,2) DEFAULT NULL,
  `monto_final` decimal(10,2) DEFAULT NULL,
  `id_usuario` int(11) DEFAULT NULL,
  `usuario_apertura` varchar(50) DEFAULT NULL,
  `usuario_cierre` varchar(50) DEFAULT NULL,
  PRIMARY KEY (`id_caja`),
  KEY `id_usuario` (`id_usuario`),
  CONSTRAINT `caja_ibfk_1` FOREIGN KEY (`id_usuario`) REFERENCES `usuarios` (`id_usuario`)
) ENGINE=InnoDB AUTO_INCREMENT=2 DEFAULT CHARSET=utf8mb4 COLLATE=utf8mb4_general_ci;
/*!40101 SET character_set_client = @saved_cs_client */;

--
-- Dumping data for table `caja`
--

LOCK TABLES `caja` WRITE;
/*!40000 ALTER TABLE `caja` DISABLE KEYS */;
INSERT INTO `caja` VALUES (1,'2026-03-19 08:06:40',NULL,10000.00,NULL,1,NULL,NULL);
/*!40000 ALTER TABLE `caja` ENABLE KEYS */;
UNLOCK TABLES;

--
-- Table structure for table `categorias`
--

DROP TABLE IF EXISTS `categorias`;
/*!40101 SET @saved_cs_client     = @@character_set_client */;
/*!50503 SET character_set_client = utf8mb4 */;
CREATE TABLE `categorias` (
  `id_categoria` int(11) NOT NULL AUTO_INCREMENT,
  `nombre_categoria` varchar(100) NOT NULL,
  PRIMARY KEY (`id_categoria`)
) ENGINE=InnoDB DEFAULT CHARSET=utf8mb4 COLLATE=utf8mb4_general_ci;
/*!40101 SET character_set_client = @saved_cs_client */;

--
-- Dumping data for table `categorias`
--

LOCK TABLES `categorias` WRITE;
/*!40000 ALTER TABLE `categorias` DISABLE KEYS */;
/*!40000 ALTER TABLE `categorias` ENABLE KEYS */;
UNLOCK TABLES;

--
-- Table structure for table `clientes`
--

DROP TABLE IF EXISTS `clientes`;
/*!40101 SET @saved_cs_client     = @@character_set_client */;
/*!50503 SET character_set_client = utf8mb4 */;
CREATE TABLE `clientes` (
  `id_cliente` int(11) NOT NULL AUTO_INCREMENT,
  `dni` varchar(15) DEFAULT NULL,
  `nombre` varchar(100) NOT NULL,
  `apellido` varchar(100) NOT NULL,
  `telefono` varchar(20) DEFAULT NULL,
  `direccion` varchar(200) DEFAULT NULL,
  `fecha_registro` datetime DEFAULT current_timestamp(),
  PRIMARY KEY (`id_cliente`),
  UNIQUE KEY `dni` (`dni`)
) ENGINE=InnoDB AUTO_INCREMENT=4 DEFAULT CHARSET=utf8mb4 COLLATE=utf8mb4_general_ci;
/*!40101 SET character_set_client = @saved_cs_client */;

--
-- Dumping data for table `clientes`
--

LOCK TABLES `clientes` WRITE;
/*!40000 ALTER TABLE `clientes` DISABLE KEYS */;
INSERT INTO `clientes` VALUES (1,'47095006','sergio','mansilla','1151030519','marchena 2540','2026-03-19 07:29:15'),(2,'29347229','julio','mansilla','1161728272','marchena 2282','2026-03-19 07:37:06'),(3,NULL,'General','','','','2026-03-19 08:53:40');
/*!40000 ALTER TABLE `clientes` ENABLE KEYS */;
UNLOCK TABLES;

--
-- Table structure for table `compras`
--

DROP TABLE IF EXISTS `compras`;
/*!40101 SET @saved_cs_client     = @@character_set_client */;
/*!50503 SET character_set_client = utf8mb4 */;
CREATE TABLE `compras` (
  `id_compra` int(11) NOT NULL AUTO_INCREMENT,
  `id_proveedor` int(11) DEFAULT NULL,
  `fecha_compra` datetime DEFAULT current_timestamp(),
  `id_usuario` int(11) DEFAULT NULL,
  `total` decimal(10,2) DEFAULT NULL,
  PRIMARY KEY (`id_compra`),
  KEY `id_proveedor` (`id_proveedor`),
  KEY `id_usuario` (`id_usuario`),
  CONSTRAINT `compras_ibfk_1` FOREIGN KEY (`id_proveedor`) REFERENCES `proveedores` (`id_proveedor`),
  CONSTRAINT `compras_ibfk_2` FOREIGN KEY (`id_usuario`) REFERENCES `usuarios` (`id_usuario`)
) ENGINE=InnoDB AUTO_INCREMENT=3 DEFAULT CHARSET=utf8mb4 COLLATE=utf8mb4_general_ci;
/*!40101 SET character_set_client = @saved_cs_client */;

--
-- Dumping data for table `compras`
--

LOCK TABLES `compras` WRITE;
/*!40000 ALTER TABLE `compras` DISABLE KEYS */;
INSERT INTO `compras` VALUES (1,3,'2026-03-19 00:00:00',NULL,24000.00),(2,4,'2026-03-19 00:00:00',NULL,20000.00);
/*!40000 ALTER TABLE `compras` ENABLE KEYS */;
UNLOCK TABLES;

--
-- Table structure for table `detalle_compra`
--

DROP TABLE IF EXISTS `detalle_compra`;
/*!40101 SET @saved_cs_client     = @@character_set_client */;
/*!50503 SET character_set_client = utf8mb4 */;
CREATE TABLE `detalle_compra` (
  `id_detalle_compra` int(11) NOT NULL AUTO_INCREMENT,
  `id_compra` int(11) DEFAULT NULL,
  `id_producto` int(11) DEFAULT NULL,
  `cantidad` int(11) DEFAULT NULL,
  `costo_unitario` decimal(10,2) DEFAULT NULL,
  `subtotal` decimal(10,2) DEFAULT NULL,
  PRIMARY KEY (`id_detalle_compra`),
  KEY `id_compra` (`id_compra`),
  KEY `id_producto` (`id_producto`),
  CONSTRAINT `detalle_compra_ibfk_1` FOREIGN KEY (`id_compra`) REFERENCES `compras` (`id_compra`),
  CONSTRAINT `detalle_compra_ibfk_2` FOREIGN KEY (`id_producto`) REFERENCES `productos` (`id_producto`)
) ENGINE=InnoDB AUTO_INCREMENT=3 DEFAULT CHARSET=utf8mb4 COLLATE=utf8mb4_general_ci;
/*!40101 SET character_set_client = @saved_cs_client */;

--
-- Dumping data for table `detalle_compra`
--

LOCK TABLES `detalle_compra` WRITE;
/*!40000 ALTER TABLE `detalle_compra` DISABLE KEYS */;
INSERT INTO `detalle_compra` VALUES (1,1,1,20,1200.00,24000.00),(2,2,2,20,1000.00,20000.00);
/*!40000 ALTER TABLE `detalle_compra` ENABLE KEYS */;
UNLOCK TABLES;

--
-- Table structure for table `detalle_venta`
--

DROP TABLE IF EXISTS `detalle_venta`;
/*!40101 SET @saved_cs_client     = @@character_set_client */;
/*!50503 SET character_set_client = utf8mb4 */;
CREATE TABLE `detalle_venta` (
  `id_detalle` int(11) NOT NULL AUTO_INCREMENT,
  `id_venta` int(11) DEFAULT NULL,
  `id_producto` int(11) DEFAULT NULL,
  `cantidad` int(11) DEFAULT NULL,
  `precio_unitario` decimal(10,2) DEFAULT NULL,
  `subtotal` decimal(10,2) DEFAULT NULL,
  PRIMARY KEY (`id_detalle`),
  KEY `id_venta` (`id_venta`),
  KEY `id_producto` (`id_producto`),
  CONSTRAINT `detalle_venta_ibfk_1` FOREIGN KEY (`id_venta`) REFERENCES `ventas` (`id_venta`),
  CONSTRAINT `detalle_venta_ibfk_2` FOREIGN KEY (`id_producto`) REFERENCES `productos` (`id_producto`)
) ENGINE=InnoDB AUTO_INCREMENT=5 DEFAULT CHARSET=utf8mb4 COLLATE=utf8mb4_general_ci;
/*!40101 SET character_set_client = @saved_cs_client */;

--
-- Dumping data for table `detalle_venta`
--

LOCK TABLES `detalle_venta` WRITE;
/*!40000 ALTER TABLE `detalle_venta` DISABLE KEYS */;
INSERT INTO `detalle_venta` VALUES (1,1,2,10,1500.00,15000.00),(2,2,2,18,1500.00,27000.00),(3,3,2,15,1500.00,22500.00),(4,4,3,9,1300.00,11700.00);
/*!40000 ALTER TABLE `detalle_venta` ENABLE KEYS */;
UNLOCK TABLES;

--
-- Table structure for table `metodos_pago`
--

DROP TABLE IF EXISTS `metodos_pago`;
/*!40101 SET @saved_cs_client     = @@character_set_client */;
/*!50503 SET character_set_client = utf8mb4 */;
CREATE TABLE `metodos_pago` (
  `id_metodo_pago` int(11) NOT NULL AUTO_INCREMENT,
  `nombre_metodo` varchar(50) NOT NULL,
  PRIMARY KEY (`id_metodo_pago`)
) ENGINE=InnoDB AUTO_INCREMENT=5 DEFAULT CHARSET=utf8mb4 COLLATE=utf8mb4_general_ci;
/*!40101 SET character_set_client = @saved_cs_client */;

--
-- Dumping data for table `metodos_pago`
--

LOCK TABLES `metodos_pago` WRITE;
/*!40000 ALTER TABLE `metodos_pago` DISABLE KEYS */;
INSERT INTO `metodos_pago` VALUES (1,'Efectivo'),(2,'Tarjeta'),(3,'Transferencia'),(4,'Billetera Virtual');
/*!40000 ALTER TABLE `metodos_pago` ENABLE KEYS */;
UNLOCK TABLES;

--
-- Table structure for table `movimientos_caja`
--

DROP TABLE IF EXISTS `movimientos_caja`;
/*!40101 SET @saved_cs_client     = @@character_set_client */;
/*!50503 SET character_set_client = utf8mb4 */;
CREATE TABLE `movimientos_caja` (
  `id_movimiento` int(11) NOT NULL AUTO_INCREMENT,
  `id_caja` int(11) DEFAULT NULL,
  `tipo_movimiento` enum('ingreso','egreso') DEFAULT NULL,
  `monto` decimal(10,2) DEFAULT NULL,
  `descripcion` varchar(255) DEFAULT NULL,
  `fecha_hora` datetime DEFAULT current_timestamp(),
  PRIMARY KEY (`id_movimiento`),
  KEY `id_caja` (`id_caja`),
  CONSTRAINT `movimientos_caja_ibfk_1` FOREIGN KEY (`id_caja`) REFERENCES `caja` (`id_caja`)
) ENGINE=InnoDB DEFAULT CHARSET=utf8mb4 COLLATE=utf8mb4_general_ci;
/*!40101 SET character_set_client = @saved_cs_client */;

--
-- Dumping data for table `movimientos_caja`
--

LOCK TABLES `movimientos_caja` WRITE;
/*!40000 ALTER TABLE `movimientos_caja` DISABLE KEYS */;
/*!40000 ALTER TABLE `movimientos_caja` ENABLE KEYS */;
UNLOCK TABLES;

--
-- Table structure for table `productos`
--

DROP TABLE IF EXISTS `productos`;
/*!40101 SET @saved_cs_client     = @@character_set_client */;
/*!50503 SET character_set_client = utf8mb4 */;
CREATE TABLE `productos` (
  `id_producto` int(11) NOT NULL AUTO_INCREMENT,
  `nombre` varchar(150) NOT NULL,
  `id_categoria` int(11) DEFAULT NULL,
  `precio_compra` decimal(10,2) DEFAULT NULL,
  `precio_venta` decimal(10,2) DEFAULT NULL,
  `stock` int(11) DEFAULT 0,
  `fecha_vencimiento` date DEFAULT NULL,
  `id_proveedor` int(11) DEFAULT NULL,
  `fecha_creacion` datetime DEFAULT current_timestamp(),
  PRIMARY KEY (`id_producto`),
  KEY `id_categoria` (`id_categoria`),
  KEY `id_proveedor` (`id_proveedor`),
  CONSTRAINT `productos_ibfk_1` FOREIGN KEY (`id_categoria`) REFERENCES `categorias` (`id_categoria`),
  CONSTRAINT `productos_ibfk_2` FOREIGN KEY (`id_proveedor`) REFERENCES `proveedores` (`id_proveedor`)
) ENGINE=InnoDB AUTO_INCREMENT=4 DEFAULT CHARSET=utf8mb4 COLLATE=utf8mb4_general_ci;
/*!40101 SET character_set_client = @saved_cs_client */;

--
-- Dumping data for table `productos`
--

LOCK TABLES `productos` WRITE;
/*!40000 ALTER TABLE `productos` DISABLE KEYS */;
INSERT INTO `productos` VALUES (1,'ibu',NULL,1200.00,2000.00,32,'2027-11-11',NULL,'2026-03-18 18:45:05'),(2,'paracetamol',NULL,1000.00,1500.00,5,'2028-12-12',NULL,'2026-03-19 06:44:44'),(3,'buscapina',NULL,1000.00,1300.00,20,'2029-12-11',NULL,'2026-03-19 07:08:40');
/*!40000 ALTER TABLE `productos` ENABLE KEYS */;
UNLOCK TABLES;

--
-- Table structure for table `proveedores`
--

DROP TABLE IF EXISTS `proveedores`;
/*!40101 SET @saved_cs_client     = @@character_set_client */;
/*!50503 SET character_set_client = utf8mb4 */;
CREATE TABLE `proveedores` (
  `id_proveedor` int(11) NOT NULL AUTO_INCREMENT,
  `nombre` varchar(100) NOT NULL,
  `empresa_laboratorio` varchar(100) DEFAULT NULL,
  `telefono` varchar(20) DEFAULT NULL,
  `email` varchar(100) DEFAULT NULL,
  PRIMARY KEY (`id_proveedor`)
) ENGINE=InnoDB AUTO_INCREMENT=5 DEFAULT CHARSET=utf8mb4 COLLATE=utf8mb4_general_ci;
/*!40101 SET character_set_client = @saved_cs_client */;

--
-- Dumping data for table `proveedores`
--

LOCK TABLES `proveedores` WRITE;
/*!40000 ALTER TABLE `proveedores` DISABLE KEYS */;
INSERT INTO `proveedores` VALUES (3,'a','a','1','w@.com'),(4,'sergio','energy','1111111','energy@gmail.com');
/*!40000 ALTER TABLE `proveedores` ENABLE KEYS */;
UNLOCK TABLES;

--
-- Table structure for table `retiros`
--

DROP TABLE IF EXISTS `retiros`;
/*!40101 SET @saved_cs_client     = @@character_set_client */;
/*!50503 SET character_set_client = utf8mb4 */;
CREATE TABLE `retiros` (
  `id` int(11) NOT NULL AUTO_INCREMENT,
  `monto` double DEFAULT NULL,
  `motivo` varchar(100) DEFAULT NULL,
  `fecha` datetime DEFAULT NULL,
  PRIMARY KEY (`id`)
) ENGINE=InnoDB AUTO_INCREMENT=2 DEFAULT CHARSET=utf8mb4 COLLATE=utf8mb4_general_ci;
/*!40101 SET character_set_client = @saved_cs_client */;

--
-- Dumping data for table `retiros`
--

LOCK TABLES `retiros` WRITE;
/*!40000 ALTER TABLE `retiros` DISABLE KEYS */;
INSERT INTO `retiros` VALUES (1,1000,'prov','2026-03-19 06:48:14');
/*!40000 ALTER TABLE `retiros` ENABLE KEYS */;
UNLOCK TABLES;

--
-- Table structure for table `roles`
--

DROP TABLE IF EXISTS `roles`;
/*!40101 SET @saved_cs_client     = @@character_set_client */;
/*!50503 SET character_set_client = utf8mb4 */;
CREATE TABLE `roles` (
  `id_rol` int(11) NOT NULL AUTO_INCREMENT,
  `nombre_rol` varchar(50) NOT NULL,
  PRIMARY KEY (`id_rol`)
) ENGINE=InnoDB AUTO_INCREMENT=4 DEFAULT CHARSET=utf8mb4 COLLATE=utf8mb4_general_ci;
/*!40101 SET character_set_client = @saved_cs_client */;

--
-- Dumping data for table `roles`
--

LOCK TABLES `roles` WRITE;
/*!40000 ALTER TABLE `roles` DISABLE KEYS */;
INSERT INTO `roles` VALUES (1,'Administrador'),(2,'Farmaceutico'),(3,'Cajero');
/*!40000 ALTER TABLE `roles` ENABLE KEYS */;
UNLOCK TABLES;

--
-- Table structure for table `usuarios`
--

DROP TABLE IF EXISTS `usuarios`;
/*!40101 SET @saved_cs_client     = @@character_set_client */;
/*!50503 SET character_set_client = utf8mb4 */;
CREATE TABLE `usuarios` (
  `id_usuario` int(11) NOT NULL AUTO_INCREMENT,
  `nombre` varchar(50) NOT NULL,
  `password` varchar(255) NOT NULL,
  `id_rol` int(11) NOT NULL,
  `estado` tinyint(1) DEFAULT 1,
  `fecha_creacion` datetime DEFAULT current_timestamp(),
  PRIMARY KEY (`id_usuario`),
  UNIQUE KEY `nombre` (`nombre`),
  KEY `id_rol` (`id_rol`),
  CONSTRAINT `usuarios_ibfk_1` FOREIGN KEY (`id_rol`) REFERENCES `roles` (`id_rol`)
) ENGINE=InnoDB AUTO_INCREMENT=4 DEFAULT CHARSET=utf8mb4 COLLATE=utf8mb4_general_ci;
/*!40101 SET character_set_client = @saved_cs_client */;

--
-- Dumping data for table `usuarios`
--

LOCK TABLES `usuarios` WRITE;
/*!40000 ALTER TABLE `usuarios` DISABLE KEYS */;
INSERT INTO `usuarios` VALUES (1,'admin','admin',1,0,'2026-03-09 12:22:39'),(3,'sergio','1',2,1,'2026-03-19 07:44:05');
/*!40000 ALTER TABLE `usuarios` ENABLE KEYS */;
UNLOCK TABLES;

--
-- Table structure for table `ventas`
--

DROP TABLE IF EXISTS `ventas`;
/*!40101 SET @saved_cs_client     = @@character_set_client */;
/*!50503 SET character_set_client = utf8mb4 */;
CREATE TABLE `ventas` (
  `id_venta` int(11) NOT NULL AUTO_INCREMENT,
  `fecha_hora` datetime DEFAULT current_timestamp(),
  `id_cliente` int(11) DEFAULT NULL,
  `id_metodo_pago` int(11) DEFAULT NULL,
  `id_usuario` int(11) DEFAULT NULL,
  `total` decimal(10,2) DEFAULT NULL,
  PRIMARY KEY (`id_venta`),
  KEY `id_cliente` (`id_cliente`),
  KEY `id_metodo_pago` (`id_metodo_pago`),
  KEY `id_usuario` (`id_usuario`),
  CONSTRAINT `ventas_ibfk_1` FOREIGN KEY (`id_cliente`) REFERENCES `clientes` (`id_cliente`),
  CONSTRAINT `ventas_ibfk_2` FOREIGN KEY (`id_metodo_pago`) REFERENCES `metodos_pago` (`id_metodo_pago`),
  CONSTRAINT `ventas_ibfk_3` FOREIGN KEY (`id_usuario`) REFERENCES `usuarios` (`id_usuario`)
) ENGINE=InnoDB AUTO_INCREMENT=5 DEFAULT CHARSET=utf8mb4 COLLATE=utf8mb4_general_ci;
/*!40101 SET character_set_client = @saved_cs_client */;

--
-- Dumping data for table `ventas`
--

LOCK TABLES `ventas` WRITE;
/*!40000 ALTER TABLE `ventas` DISABLE KEYS */;
INSERT INTO `ventas` VALUES (1,'2026-03-19 08:06:52',NULL,1,NULL,15000.00),(2,'2026-03-19 08:43:42',NULL,3,NULL,27000.00),(3,'2026-03-19 08:45:21',NULL,1,NULL,22500.00),(4,'2026-03-19 08:53:40',3,1,1,11700.00);
/*!40000 ALTER TABLE `ventas` ENABLE KEYS */;
UNLOCK TABLES;
/*!40103 SET TIME_ZONE=@OLD_TIME_ZONE */;

/*!40101 SET SQL_MODE=@OLD_SQL_MODE */;
/*!40014 SET FOREIGN_KEY_CHECKS=@OLD_FOREIGN_KEY_CHECKS */;
/*!40014 SET UNIQUE_CHECKS=@OLD_UNIQUE_CHECKS */;
/*!40101 SET CHARACTER_SET_CLIENT=@OLD_CHARACTER_SET_CLIENT */;
/*!40101 SET CHARACTER_SET_RESULTS=@OLD_CHARACTER_SET_RESULTS */;
/*!40101 SET COLLATION_CONNECTION=@OLD_COLLATION_CONNECTION */;
/*!40111 SET SQL_NOTES=@OLD_SQL_NOTES */;

-- Dump completed on 2026-03-31 16:23:28
